{
  "openapi": "3.0.1",
  "info": {
    "title": "IT_WsSearch",
    "version": "v1"
  },
  "servers": [
    {
      "url": "https://wssearch.it.elta.iai"
    }
  ],
  "paths": {
    "/api/App/SearchApp": {
      "get": {
        "tags": [
          "App"
        ],
        "parameters": [
          {
            "name": "text",
            "in": "query",
            "schema": {
              "type": "string",
              "nullable": true
            }
          }
        ],
        "responses": {
          "200": {
            "description": "Success",
            "content": {
              "text/plain": {
                "schema": {
                  "type": "array",
                  "items": {
                    "$ref": "#/components/schemas/Application"
                  }
                }
              },
              "application/json": {
                "schema": {
                  "type": "array",
                  "items": {
                    "$ref": "#/components/schemas/Application"
                  }
                }
              },
              "text/json": {
                "schema": {
                  "type": "array",
                  "items": {
                    "$ref": "#/components/schemas/Application"
                  }
                }
              }
            }
          }
        }
      }
    },
    "/api/Emp/SearchEmp": {
      "post": {
        "tags": [
          "Emp"
        ],
        "requestBody": {
          "content": {
            "application/json": {
              "schema": {
                "$ref": "#/components/schemas/EmpForSearch"
              }
            },
            "text/json": {
              "schema": {
                "$ref": "#/components/schemas/EmpForSearch"
              }
            },
            "application/*+json": {
              "schema": {
                "$ref": "#/components/schemas/EmpForSearch"
              }
            }
          }
        },
        "responses": {
          "200": {
            "description": "Success",
            "content": {
              "text/plain": {
                "schema": {
                  "type": "array",
                  "items": {
                    "$ref": "#/components/schemas/Employee"
                  }
                }
              },
              "application/json": {
                "schema": {
                  "type": "array",
                  "items": {
                    "$ref": "#/components/schemas/Employee"
                  }
                }
              },
              "text/json": {
                "schema": {
                  "type": "array",
                  "items": {
                    "$ref": "#/components/schemas/Employee"
                  }
                }
              }
            }
          }
        }
      }
    },
    "/api/Emp/GetEmployeeByMisparIshi": {
      "post": {
        "tags": [
          "Emp"
        ],
        "requestBody": {
          "content": {
            "application/json": {
              "schema": {
                "type": "array",
                "items": {
                  "type": "string"
                },
                "nullable": true
              }
            },
            "text/json": {
              "schema": {
                "type": "array",
                "items": {
                  "type": "string"
                },
                "nullable": true
              }
            },
            "application/*+json": {
              "schema": {
                "type": "array",
                "items": {
                  "type": "string"
                },
                "nullable": true
              }
            }
          }
        },
        "responses": {
          "200": {
            "description": "Success",
            "content": {
              "text/plain": {
                "schema": {
                  "type": "array",
                  "items": {
                    "$ref": "#/components/schemas/Employee"
                  }
                }
              },
              "application/json": {
                "schema": {
                  "type": "array",
                  "items": {
                    "$ref": "#/components/schemas/Employee"
                  }
                }
              },
              "text/json": {
                "schema": {
                  "type": "array",
                  "items": {
                    "$ref": "#/components/schemas/Employee"
                  }
                }
              }
            }
          }
        }
      }
    },
    "/api/Emp/GetEmployeeByUserId": {
      "post": {
        "tags": [
          "Emp"
        ],
        "requestBody": {
          "content": {
            "application/json": {
              "schema": {
                "type": "array",
                "items": {
                  "type": "string"
                },
                "nullable": true
              }
            },
            "text/json": {
              "schema": {
                "type": "array",
                "items": {
                  "type": "string"
                },
                "nullable": true
              }
            },
            "application/*+json": {
              "schema": {
                "type": "array",
                "items": {
                  "type": "string"
                },
                "nullable": true
              }
            }
          }
        },
        "responses": {
          "200": {
            "description": "Success",
            "content": {
              "text/plain": {
                "schema": {
                  "type": "array",
                  "items": {
                    "$ref": "#/components/schemas/Employee"
                  }
                }
              },
              "application/json": {
                "schema": {
                  "type": "array",
                  "items": {
                    "$ref": "#/components/schemas/Employee"
                  }
                }
              },
              "text/json": {
                "schema": {
                  "type": "array",
                  "items": {
                    "$ref": "#/components/schemas/Employee"
                  }
                }
              }
            }
          }
        }
      }
    },
    "/api/Locations/GetBuildings": {
      "get": {
        "tags": [
          "Locations"
        ],
        "responses": {
          "200": {
            "description": "Success",
            "content": {
              "text/plain": {
                "schema": {
                  "type": "array",
                  "items": {
                    "$ref": "#/components/schemas/BuildingViewModel"
                  }
                }
              },
              "application/json": {
                "schema": {
                  "type": "array",
                  "items": {
                    "$ref": "#/components/schemas/BuildingViewModel"
                  }
                }
              },
              "text/json": {
                "schema": {
                  "type": "array",
                  "items": {
                    "$ref": "#/components/schemas/BuildingViewModel"
                  }
                }
              }
            }
          }
        }
      }
    },
    "/api/Locations/GetFloorsByBuildingID": {
      "get": {
        "tags": [
          "Locations"
        ],
        "parameters": [
          {
            "name": "BuildingID",
            "in": "query",
            "schema": {
              "type": "string",
              "nullable": true
            }
          }
        ],
        "responses": {
          "200": {
            "description": "Success",
            "content": {
              "text/plain": {
                "schema": {
                  "type": "array",
                  "items": {
                    "$ref": "#/components/schemas/FloorViewModel"
                  }
                }
              },
              "application/json": {
                "schema": {
                  "type": "array",
                  "items": {
                    "$ref": "#/components/schemas/FloorViewModel"
                  }
                }
              },
              "text/json": {
                "schema": {
                  "type": "array",
                  "items": {
                    "$ref": "#/components/schemas/FloorViewModel"
                  }
                }
              }
            }
          }
        }
      }
    },
    "/api/Locations/GetRoomsByFloorID": {
      "get": {
        "tags": [
          "Locations"
        ],
        "parameters": [
          {
            "name": "FloorID",
            "in": "query",
            "schema": {
              "type": "string",
              "nullable": true
            }
          }
        ],
        "responses": {
          "200": {
            "description": "Success",
            "content": {
              "text/plain": {
                "schema": {
                  "type": "array",
                  "items": {
                    "$ref": "#/components/schemas/RoomViewModel"
                  }
                }
              },
              "application/json": {
                "schema": {
                  "type": "array",
                  "items": {
                    "$ref": "#/components/schemas/RoomViewModel"
                  }
                }
              },
              "text/json": {
                "schema": {
                  "type": "array",
                  "items": {
                    "$ref": "#/components/schemas/RoomViewModel"
                  }
                }
              }
            }
          }
        }
      }
    },
    "/api/Paka/SearchPaka": {
      "get": {
        "tags": [
          "Paka"
        ],
        "parameters": [
          {
            "name": "text",
            "in": "query",
            "schema": {
              "type": "string",
              "nullable": true
            }
          },
          {
            "name": "status",
            "in": "query",
            "schema": {
              "$ref": "#/components/schemas/status"
            }
          },
          {
            "name": "searchPakaByWbs",
            "in": "query",
            "schema": {
              "type": "boolean",
              "nullable": true
            }
          }
        ],
        "responses": {
          "200": {
            "description": "Success"
          }
        }
      }
    },
    "/api/Paka/SearchPakaByWbs": {
      "get": {
        "tags": [
          "Paka"
        ],
        "parameters": [
          {
            "name": "text",
            "in": "query",
            "schema": {
              "type": "string",
              "nullable": true
            }
          },
          {
            "name": "status",
            "in": "query",
            "schema": {
              "$ref": "#/components/schemas/status"
            }
          },
          {
            "name": "searchPakaByWbs",
            "in": "query",
            "schema": {
              "type": "boolean",
              "nullable": true
            }
          }
        ],
        "responses": {
          "200": {
            "description": "Success",
            "content": {
              "text/plain": {
                "schema": {
                  "type": "array",
                  "items": {
                    "$ref": "#/components/schemas/Paka"
                  }
                }
              },
              "application/json": {
                "schema": {
                  "type": "array",
                  "items": {
                    "$ref": "#/components/schemas/Paka"
                  }
                }
              },
              "text/json": {
                "schema": {
                  "type": "array",
                  "items": {
                    "$ref": "#/components/schemas/Paka"
                  }
                }
              }
            }
          }
        }
      }
    },
    "/api/Paka/SelectPaka": {
      "get": {
        "tags": [
          "Paka"
        ],
        "parameters": [
          {
            "name": "ArrPaka",
            "in": "query",
            "schema": {
              "type": "string",
              "nullable": true
            }
          }
        ],
        "responses": {
          "200": {
            "description": "Success",
            "content": {
              "text/plain": {
                "schema": {
                  "type": "array",
                  "items": {
                    "$ref": "#/components/schemas/Paka"
                  }
                }
              },
              "application/json": {
                "schema": {
                  "type": "array",
                  "items": {
                    "$ref": "#/components/schemas/Paka"
                  }
                }
              },
              "text/json": {
                "schema": {
                  "type": "array",
                  "items": {
                    "$ref": "#/components/schemas/Paka"
                  }
                }
              }
            }
          }
        }
      }
    },
    "/api/Tce/SearchTce": {
      "get": {
        "tags": [
          "Tce"
        ],
        "parameters": [
          {
            "name": "text",
            "in": "query",
            "schema": {
              "type": "string",
              "nullable": true
            }
          },
          {
            "name": "status",
            "in": "query",
            "schema": {
              "$ref": "#/components/schemas/Tcestatus"
            }
          }
        ],
        "responses": {
          "200": {
            "description": "Success",
            "content": {
              "text/plain": {
                "schema": {
                  "type": "array",
                  "items": {
                    "$ref": "#/components/schemas/Tce"
                  }
                }
              },
              "application/json": {
                "schema": {
                  "type": "array",
                  "items": {
                    "$ref": "#/components/schemas/Tce"
                  }
                }
              },
              "text/json": {
                "schema": {
                  "type": "array",
                  "items": {
                    "$ref": "#/components/schemas/Tce"
                  }
                }
              }
            }
          }
        }
      }
    },
    "/api/Tce/SelectTce": {
      "get": {
        "tags": [
          "Tce"
        ],
        "parameters": [
          {
            "name": "ArrTce",
            "in": "query",
            "schema": {
              "type": "string",
              "nullable": true
            }
          }
        ],
        "responses": {
          "200": {
            "description": "Success",
            "content": {
              "text/plain": {
                "schema": {
                  "type": "array",
                  "items": {
                    "$ref": "#/components/schemas/Tce"
                  }
                }
              },
              "application/json": {
                "schema": {
                  "type": "array",
                  "items": {
                    "$ref": "#/components/schemas/Tce"
                  }
                }
              },
              "text/json": {
                "schema": {
                  "type": "array",
                  "items": {
                    "$ref": "#/components/schemas/Tce"
                  }
                }
              }
            }
          }
        }
      }
    },
    "/api/Wbs/SearchWbs": {
      "post": {
        "tags": [
          "Wbs"
        ],
        "requestBody": {
          "content": {
            "application/json": {
              "schema": {
                "$ref": "#/components/schemas/WbsForSearch"
              }
            },
            "text/json": {
              "schema": {
                "$ref": "#/components/schemas/WbsForSearch"
              }
            },
            "application/*+json": {
              "schema": {
                "$ref": "#/components/schemas/WbsForSearch"
              }
            }
          }
        },
        "responses": {
          "200": {
            "description": "Success",
            "content": {
              "text/plain": {
                "schema": {
                  "type": "array",
                  "items": {
                    "$ref": "#/components/schemas/WbsNumAndDesc"
                  }
                }
              },
              "application/json": {
                "schema": {
                  "type": "array",
                  "items": {
                    "$ref": "#/components/schemas/WbsNumAndDesc"
                  }
                }
              },
              "text/json": {
                "schema": {
                  "type": "array",
                  "items": {
                    "$ref": "#/components/schemas/WbsNumAndDesc"
                  }
                }
              }
            }
          }
        }
      }
    },
    "/api/Wbs/SelectWbs": {
      "get": {
        "tags": [
          "Wbs"
        ],
        "parameters": [
          {
            "name": "ArrWbs",
            "in": "query",
            "schema": {
              "type": "string",
              "nullable": true
            }
          }
        ],
        "responses": {
          "200": {
            "description": "Success",
            "content": {
              "text/plain": {
                "schema": {
                  "type": "array",
                  "items": {
                    "$ref": "#/components/schemas/WbsMetaDataAndMembers"
                  }
                }
              },
              "application/json": {
                "schema": {
                  "type": "array",
                  "items": {
                    "$ref": "#/components/schemas/WbsMetaDataAndMembers"
                  }
                }
              },
              "text/json": {
                "schema": {
                  "type": "array",
                  "items": {
                    "$ref": "#/components/schemas/WbsMetaDataAndMembers"
                  }
                }
              }
            }
          }
        }
      }
    }
  },
  "components": {
    "schemas": {
      "Application": {
        "type": "object",
        "properties": {
          "AppName": {
            "type": "string",
            "nullable": true
          },
          "AppPicPath": {
            "type": "string",
            "nullable": true
          },
          "AppLink": {
            "type": "string",
            "nullable": true
          }
        },
        "additionalProperties": false
      },
      "employeeRole": {
        "enum": [
          0,
          1,
          2,
          3
        ],
        "type": "integer",
        "format": "int32"
      },
      "employeeType": {
        "enum": [
          0,
          1,
          2
        ],
        "type": "integer",
        "format": "int32"
      },
      "EmpForSearch": {
        "type": "object",
        "properties": {
          "text": {
            "type": "string",
            "nullable": true
          },
          "Thum": {
            "type": "integer",
            "format": "int32",
            "nullable": true
          },
          "Minhal": {
            "type": "integer",
            "format": "int32",
            "nullable": true
          },
          "Mifal": {
            "type": "integer",
            "format": "int32",
            "nullable": true
          },
          "group": {
            "type": "string",
            "nullable": true
          },
          "employeeRole": {
            "$ref": "#/components/schemas/employeeRole"
          },
          "employeeType": {
            "$ref": "#/components/schemas/employeeType"
          }
        },
        "additionalProperties": false
      },
      "Employee": {
        "type": "object",
        "properties": {
          "FullName": {
            "type": "string",
            "nullable": true
          },
          "MisparIshi": {
            "type": "string",
            "nullable": true
          },
          "ShemPratiHeb": {
            "type": "string",
            "nullable": true
          },
          "ShemMishpahaHeb": {
            "type": "string",
            "nullable": true
          },
          "ShemPratiEng": {
            "type": "string",
            "nullable": true
          },
          "ShemMishpahaEng": {
            "type": "string",
            "nullable": true
          },
          "TelPnim1": {
            "type": "string",
            "nullable": true
          },
          "TelPnim1Male": {
            "type": "string",
            "nullable": true
          },
          "TelMobile": {
            "type": "string",
            "nullable": true
          },
          "TelPrivat": {
            "type": "string",
            "nullable": true
          },
          "TelPnim2": {
            "type": "string",
            "nullable": true
          },
          "TelPnim2Male": {
            "type": "string",
            "nullable": true
          },
          "InWork": {
            "type": "number",
            "format": "double",
            "nullable": true
          },
          "MailPnim": {
            "type": "string",
            "nullable": true
          },
          "MailHizoni": {
            "type": "string",
            "nullable": true
          },
          "Thum": {
            "type": "string",
            "nullable": true
          },
          "ThumShem": {
            "type": "string",
            "nullable": true
          },
          "Minhal": {
            "type": "string",
            "nullable": true
          },
          "MinhalShem": {
            "type": "string",
            "nullable": true
          },
          "Mifal": {
            "type": "string",
            "nullable": true
          },
          "MifalShem": {
            "type": "string",
            "nullable": true
          },
          "Tafkid": {
            "type": "string",
            "nullable": true
          },
          "Tz": {
            "type": "string",
            "nullable": true
          },
          "RoshThum": {
            "type": "string",
            "nullable": true
          },
          "RoshThumShem": {
            "type": "string",
            "nullable": true
          },
          "RoshMinhal": {
            "type": "string",
            "nullable": true
          },
          "RoshMinhalShem": {
            "type": "string",
            "nullable": true
          },
          "RoshMifal": {
            "type": "string",
            "nullable": true
          },
          "RoshMifalShem": {
            "type": "string",
            "nullable": true
          },
          "IsMenahel": {
            "type": "string",
            "nullable": true
          },
          "Orgunit": {
            "type": "string",
            "nullable": true
          },
          "OrgunitTxt": {
            "type": "string",
            "nullable": true
          },
          "OrgunitLevel": {
            "type": "string",
            "nullable": true
          },
          "OrgunitCcenter": {
            "type": "string",
            "nullable": true
          },
          "MemuneYashir": {
            "type": "string",
            "nullable": true
          },
          "MemuneYashirShem": {
            "type": "string",
            "nullable": true
          },
          "EltaBuildingId": {
            "type": "string",
            "nullable": true
          },
          "EltaFloorId": {
            "type": "string",
            "nullable": true
          },
          "EltaRoomId": {
            "type": "string",
            "nullable": true
          },
          "YorglelOrgunit": {
            "type": "string",
            "nullable": true
          },
          "YorglelThum": {
            "type": "string",
            "nullable": true
          },
          "YorglelMinhal": {
            "type": "string",
            "nullable": true
          },
          "YorglelMifal": {
            "type": "string",
            "nullable": true
          },
          "Samaccountname": {
            "type": "string",
            "nullable": true
          },
          "Postofficebox": {
            "type": "string",
            "nullable": true
          },
          "UserImage": {
            "type": "string",
            "nullable": true
          },
          "Building": {
            "type": "string",
            "nullable": true
          },
          "Floor": {
            "type": "string",
            "nullable": true
          },
          "Room": {
            "type": "string",
            "nullable": true
          }
        },
        "additionalProperties": false
      },
      "BuildingViewModel": {
        "type": "object",
        "properties": {
          "Id": {
            "type": "string",
            "nullable": true
          },
          "Name": {
            "type": "string",
            "nullable": true
          }
        },
        "additionalProperties": false
      },
      "FloorViewModel": {
        "type": "object",
        "properties": {
          "Id": {
            "type": "string",
            "nullable": true
          },
          "Name": {
            "type": "string",
            "nullable": true
          }
        },
        "additionalProperties": false
      },
      "RoomViewModel": {
        "type": "object",
        "properties": {
          "Id": {
            "type": "string",
            "nullable": true
          },
          "Name": {
            "type": "string",
            "nullable": true
          }
        },
        "additionalProperties": false
      },
      "status": {
        "enum": [
          0,
          1,
          2
        ],
        "type": "integer",
        "format": "int32"
      },
      "Paka": {
        "type": "object",
        "properties": {
          "Activity": {
            "type": "string",
            "nullable": true
          },
          "Element": {
            "type": "string",
            "nullable": true
          },
          "PakaNum": {
            "type": "string",
            "nullable": true
          },
          "NetDesc": {
            "type": "string",
            "nullable": true
          },
          "Wbs": {
            "type": "string",
            "nullable": true
          },
          "Status": {
            "type": "string",
            "nullable": true
          },
          "Avoda": {
            "type": "number",
            "format": "double",
            "nullable": true
          },
          "AvodaBafoal": {
            "type": "number",
            "format": "double",
            "nullable": true
          },
          "AvodaNuzra": {
            "type": "number",
            "format": "double",
            "nullable": true
          },
          "StatusOh": {
            "type": "string",
            "nullable": true
          },
          "Workcenter": {
            "type": "string",
            "nullable": true
          }
        },
        "additionalProperties": false
      },
      "Tcestatus": {
        "enum": [
          0,
          1,
          2
        ],
        "type": "integer",
        "format": "int32"
      },
      "Tce": {
        "type": "object",
        "properties": {
          "PN": {
            "type": "string",
            "nullable": true
          },
          "Mlay_Type": {
            "type": "number",
            "format": "double",
            "nullable": true
          },
          "Mrp_Type": {
            "type": "string",
            "nullable": true
          },
          "Bakar_Mrp": {
            "type": "string",
            "nullable": true
          },
          "Lead_Time": {
            "type": "number",
            "format": "double",
            "nullable": true
          },
          "Kanian_Code": {
            "type": "string",
            "nullable": true
          },
          "Price": {
            "type": "number",
            "format": "double",
            "nullable": true
          },
          "End_Used": {
            "type": "string",
            "nullable": true
          },
          "Rehisha_Last_Date": {
            "type": "string",
            "format": "date-time",
            "nullable": true
          },
          "Klita_Date": {
            "type": "string",
            "format": "date-time",
            "nullable": true
          },
          "Homer_Type": {
            "type": "string",
            "nullable": true
          },
          "Homer_Group": {
            "type": "string",
            "nullable": true
          },
          "Price_Unit": {
            "type": "number",
            "format": "double",
            "nullable": true
          },
          "Price_Calc": {
            "type": "number",
            "format": "double",
            "nullable": true
          },
          "Catatlog": {
            "type": "string",
            "nullable": true
          },
          "Description": {
            "type": "string",
            "nullable": true
          },
          "Yatzran": {
            "type": "string",
            "nullable": true
          },
          "BakarMrp_Txt": {
            "type": "string",
            "nullable": true
          },
          "Kanian_Txt": {
            "type": "string",
            "nullable": true
          },
          "Batch": {
            "type": "string",
            "nullable": true
          },
          "Item_Type": {
            "type": "string",
            "nullable": true
          },
          "Green_Material": {
            "type": "string",
            "nullable": true
          },
          "Leed_Free": {
            "type": "string",
            "nullable": true
          },
          "PITEM_REVISION_ID": {
            "type": "string",
            "nullable": true
          },
          "Homer_Status": {
            "type": "string",
            "nullable": true
          }
        },
        "additionalProperties": false
      },
      "WbsForSearch": {
        "type": "object",
        "properties": {
          "wbs": {
            "type": "string",
            "nullable": true
          },
          "level": {
            "type": "integer",
            "format": "int32",
            "nullable": true
          }
        },
        "additionalProperties": false
      },
      "WbsNumAndDesc": {
        "type": "object",
        "properties": {
          "Wbs": {
            "type": "string",
            "nullable": true
          },
          "WbsDesc": {
            "type": "string",
            "nullable": true
          }
        },
        "additionalProperties": false
      },
      "MembersInWbs": {
        "type": "object",
        "properties": {
          "Oved": {
            "type": "string",
            "nullable": true
          },
          "OvedFullName": {
            "type": "string",
            "nullable": true
          },
          "JobTeur": {
            "type": "string",
            "nullable": true
          }
        },
        "additionalProperties": false
      },
      "WbsMetaDataAndMembers": {
        "type": "object",
        "properties": {
          "WbsLevel3": {
            "type": "string",
            "nullable": true
          },
          "Wbs": {
            "type": "string",
            "nullable": true
          },
          "WbsLevel3Desc": {
            "type": "string",
            "nullable": true
          },
          "WbsDesc": {
            "type": "string",
            "nullable": true
          },
          "CostCenter": {
            "type": "string",
            "nullable": true
          },
          "CostCenterDesc": {
            "type": "string",
            "nullable": true
          },
          "StatusDesc": {
            "type": "string",
            "nullable": true
          },
          "RoshProj": {
            "type": "string",
            "nullable": true
          },
          "Billmode": {
            "type": "string",
            "nullable": true
          },
          "BillmodeDesc": {
            "type": "string",
            "nullable": true
          },
          "Project": {
            "type": "string",
            "nullable": true
          },
          "TichnonUsd": {
            "type": "number",
            "format": "double",
            "nullable": true
          },
          "BitzuaUsd": {
            "type": "number",
            "format": "double",
            "nullable": true
          },
          "Obligations": {
            "type": "number",
            "format": "double",
            "nullable": true
          },
          "YetratH": {
            "type": "number",
            "format": "double",
            "nullable": true
          },
          "YetratUsd": {
            "type": "number",
            "format": "double",
            "nullable": true
          },
          "WbsLevel": {
            "type": "string",
            "nullable": true
          },
          "Memebers": {
            "type": "array",
            "items": {
              "$ref": "#/components/schemas/MembersInWbs"
            },
            "nullable": true
          }
        },
        "additionalProperties": false
      }
    }
  }
}